{
	"class_name" : "PinholeCameraParameters",
	"extrinsic" : 
	[
		0.4064142305724992,
		0.058691147151664881,
		-0.91180196448252138,
		0.0,
		0.9135304115603754,
		-0.04469030885983611,
		0.40430800566937053,
		0.0,
		-0.017019410756392007,
		-0.99727535091369535,
		-0.071778925301728594,
		0.0,
		13.153257284631525,
		-2.9137704106218458,
		67.223780446829281,
		1.0
	],
	"intrinsic" : 
	{
		"height" : 1136,
		"intrinsic_matrix" : 
		[
			983.80485869912241,
			0.0,
			0.0,
			0.0,
			983.80485869912241,
			0.0,
			923.5,
			567.5,
			1.0
		],
		"width" : 1848
	},
	"version_major" : 1,
	"version_minor" : 0
}