{
	"class_name" : "PinholeCameraParameters",
	"extrinsic" : 
	[
		0.57092167465778654,
		0.066655957429414742,
		-0.81829421649252587,
		0.0,
		0.82094116347072166,
		-0.033965340338163563,
		0.57000172085271006,
		0.0,
		0.010200368879931851,
		-0.99719774317578602,
		-0.074112168230544617,
		0.0,
		-0.06077649086259522,
		3.6270397125453897,
		55.768636044641987,
		1.0
	],
	"intrinsic" : 
	{
		"height" : 1136,
		"intrinsic_matrix" : 
		[
			983.80485869912241,
			0.0,
			0.0,
			0.0,
			983.80485869912241,
			0.0,
			923.5,
			567.5,
			1.0
		],
		"width" : 1848
	},
	"version_major" : 1,
	"version_minor" : 0
}